2026-07-19T23:35:54.330Z	hatzegopteryx	1-echelle	start
2026-07-19T23:35:54.335Z	hatzegopteryx	1-echelle	done
2026-07-19T23:35:54.336Z	hatzegopteryx	2-manger	start
2026-07-19T23:35:54.338Z	hatzegopteryx	2-manger	done
2026-07-19T23:35:54.338Z	hatzegopteryx	3-ecosysteme	start
2026-07-19T23:35:54.341Z	hatzegopteryx	3-ecosysteme	done
2026-07-19T23:35:54.341Z	hatzegopteryx	4-paris	start
2026-07-19T23:35:54.343Z	hatzegopteryx	4-paris	done
2026-07-19T23:35:54.343Z	hatzegopteryx	5-funfact	start
2026-07-19T23:36:07.815Z	hatzegopteryx	1-echelle	start
2026-07-19T23:36:07.819Z	hatzegopteryx	1-echelle	done
2026-07-19T23:36:07.819Z	hatzegopteryx	2-manger	start
2026-07-19T23:36:07.823Z	hatzegopteryx	2-manger	done
2026-07-19T23:36:07.823Z	hatzegopteryx	3-ecosysteme	start
2026-07-19T23:36:07.825Z	hatzegopteryx	3-ecosysteme	done
2026-07-19T23:36:07.826Z	hatzegopteryx	4-paris	start
2026-07-19T23:36:07.828Z	hatzegopteryx	4-paris	done
2026-07-19T23:36:07.828Z	hatzegopteryx	5-funfact	start
2026-07-19T23:36:07.830Z	hatzegopteryx	5-funfact	done
2026-07-19T23:37:41.096Z	hatzegopteryx	1-echelle	start
2026-07-19T23:37:41.100Z	hatzegopteryx	1-echelle	done
2026-07-19T23:37:41.101Z	hatzegopteryx	2-manger	start
2026-07-19T23:37:41.103Z	hatzegopteryx	2-manger	done
2026-07-19T23:37:41.103Z	hatzegopteryx	3-ecosysteme	start
2026-07-19T23:38:14.429Z	hatzegopteryx	1-echelle	start
2026-07-19T23:38:14.433Z	hatzegopteryx	1-echelle	done
2026-07-19T23:38:14.433Z	hatzegopteryx	2-manger	start
2026-07-19T23:38:14.435Z	hatzegopteryx	2-manger	done
2026-07-19T23:38:14.436Z	hatzegopteryx	3-ecosysteme	start
2026-07-19T23:38:14.438Z	hatzegopteryx	3-ecosysteme	done
2026-07-19T23:38:14.439Z	hatzegopteryx	4-paris	start
2026-07-19T23:38:14.441Z	hatzegopteryx	4-paris	done
2026-07-19T23:38:14.442Z	hatzegopteryx	5-funfact	start
2026-07-19T23:38:14.445Z	hatzegopteryx	5-funfact	done
2026-07-19T23:38:14.566Z	corythosaurus	1-echelle	start
2026-07-19T23:38:14.569Z	corythosaurus	1-echelle	done
2026-07-19T23:38:14.569Z	corythosaurus	2-manger	start
2026-07-19T23:38:14.571Z	corythosaurus	2-manger	done
2026-07-19T23:38:14.571Z	corythosaurus	3-ecosysteme	start
2026-07-19T23:38:29.445Z	hatzegopteryx	1-echelle	start
2026-07-19T23:40:01.164Z	hatzegopteryx	1-echelle	done
2026-07-19T23:40:01.164Z	hatzegopteryx	2-manger	start
2026-07-19T23:40:39.062Z	hatzegopteryx	2-manger	done
2026-07-19T23:40:39.062Z	hatzegopteryx	3-ecosysteme	start
2026-07-19T23:41:17.749Z	hatzegopteryx	3-ecosysteme	done
2026-07-19T23:41:17.750Z	hatzegopteryx	4-paris	start
2026-07-19T23:42:44.840Z	hatzegopteryx	4-paris	done
2026-07-19T23:42:44.840Z	hatzegopteryx	5-funfact	start
2026-07-19T23:43:38.586Z	hatzegopteryx	5-funfact	done
2026-07-19T23:44:05.372Z	hatzegopteryx	1-echelle	start
2026-07-19T23:44:05.376Z	hatzegopteryx	1-echelle	done
2026-07-19T23:44:05.376Z	hatzegopteryx	2-manger	start
2026-07-19T23:45:22.246Z	hatzegopteryx	2-manger	done
2026-07-19T23:45:22.247Z	hatzegopteryx	3-ecosysteme	start
2026-07-19T23:45:22.250Z	hatzegopteryx	3-ecosysteme	done
2026-07-19T23:45:22.250Z	hatzegopteryx	4-paris	start
2026-07-19T23:45:22.253Z	hatzegopteryx	4-paris	done
2026-07-19T23:45:22.253Z	hatzegopteryx	5-funfact	start
2026-07-19T23:45:22.257Z	hatzegopteryx	5-funfact	done
2026-07-19T23:45:22.500Z	hatzegopteryx	1-echelle	start
2026-07-19T23:45:22.504Z	hatzegopteryx	1-echelle	done
2026-07-19T23:45:22.504Z	hatzegopteryx	2-manger	start
2026-07-19T23:45:22.507Z	hatzegopteryx	2-manger	done
2026-07-19T23:45:22.507Z	hatzegopteryx	3-ecosysteme	start
2026-07-19T23:46:57.781Z	hatzegopteryx	3-ecosysteme	done
2026-07-19T23:46:57.782Z	hatzegopteryx	4-paris	start
2026-07-19T23:46:57.785Z	hatzegopteryx	4-paris	done
2026-07-19T23:46:57.785Z	hatzegopteryx	5-funfact	start
2026-07-19T23:46:57.788Z	hatzegopteryx	5-funfact	done
2026-07-19T23:46:57.959Z	hatzegopteryx	1-echelle	start
2026-07-19T23:46:57.963Z	hatzegopteryx	1-echelle	done
2026-07-19T23:46:57.964Z	hatzegopteryx	2-manger	start
2026-07-19T23:46:57.966Z	hatzegopteryx	2-manger	done
2026-07-19T23:46:57.966Z	hatzegopteryx	3-ecosysteme	start
2026-07-19T23:46:57.969Z	hatzegopteryx	3-ecosysteme	done
2026-07-19T23:46:57.969Z	hatzegopteryx	4-paris	start
2026-07-19T23:46:57.971Z	hatzegopteryx	4-paris	done
2026-07-19T23:46:57.971Z	hatzegopteryx	5-funfact	start
2026-07-19T23:48:25.066Z	hatzegopteryx	5-funfact	done
2026-07-19T23:50:08.732Z	hatzegopteryx	1-echelle	start
2026-07-19T23:50:08.737Z	hatzegopteryx	1-echelle	done
2026-07-19T23:50:08.738Z	hatzegopteryx	2-manger	start
2026-07-19T23:50:08.741Z	hatzegopteryx	2-manger	done
2026-07-19T23:50:08.741Z	hatzegopteryx	3-ecosysteme	start
2026-07-19T23:50:08.744Z	hatzegopteryx	3-ecosysteme	done
2026-07-19T23:50:08.744Z	hatzegopteryx	4-paris	start
2026-07-19T23:50:08.746Z	hatzegopteryx	4-paris	done
2026-07-19T23:50:08.746Z	hatzegopteryx	5-funfact	start
2026-07-19T23:50:08.748Z	hatzegopteryx	5-funfact	done
2026-07-19T23:50:29.089Z	corythosaurus	1-echelle	start
2026-07-19T23:51:46.292Z	corythosaurus	1-echelle	done
2026-07-19T23:51:46.292Z	corythosaurus	2-manger	start
2026-07-19T23:53:07.191Z	corythosaurus	2-manger	done
2026-07-19T23:53:07.192Z	corythosaurus	3-ecosysteme	start
2026-07-19T23:54:13.073Z	corythosaurus	3-ecosysteme	done
2026-07-19T23:54:13.073Z	corythosaurus	4-paris	start
2026-07-19T23:55:36.788Z	corythosaurus	4-paris	done
2026-07-19T23:55:36.788Z	corythosaurus	5-funfact	start
2026-07-19T23:56:45.474Z	corythosaurus	5-funfact	done
2026-07-25T17:35:21.556Z	minmi	1-echelle	start
2026-07-25T17:35:21.562Z	minmi	1-echelle	done
2026-07-25T17:35:21.562Z	minmi	2-manger	start
2026-07-25T17:35:21.564Z	minmi	2-manger	done
2026-07-25T17:35:21.564Z	minmi	3-ecosysteme	start
2026-07-25T17:35:21.567Z	minmi	3-ecosysteme	done
2026-07-25T17:35:21.567Z	minmi	4-paris	start
2026-07-25T17:35:21.569Z	minmi	4-paris	done
2026-07-25T17:35:21.569Z	minmi	5-funfact	start
2026-07-25T17:35:21.572Z	minmi	5-funfact	done
2026-07-25T17:36:49.492Z	gorgonops	1-echelle	start
2026-07-25T17:36:49.496Z	gorgonops	1-echelle	done
2026-07-25T17:36:49.497Z	gorgonops	2-manger	start
2026-07-25T17:36:49.499Z	gorgonops	2-manger	done
2026-07-25T17:36:49.499Z	gorgonops	3-ecosysteme	start
2026-07-25T17:36:49.501Z	gorgonops	3-ecosysteme	done
2026-07-25T17:36:49.502Z	gorgonops	4-paris	start
2026-07-25T17:36:49.503Z	gorgonops	4-paris	done
2026-07-25T17:36:49.503Z	gorgonops	5-funfact	start
2026-07-25T17:36:49.506Z	gorgonops	5-funfact	done
2026-07-25T17:37:48.868Z	gorgonops	1-echelle	start
2026-07-25T17:37:48.872Z	gorgonops	1-echelle	done
2026-07-25T17:37:48.872Z	gorgonops	2-manger	start
2026-07-25T17:37:48.875Z	gorgonops	2-manger	done
2026-07-25T17:37:48.876Z	gorgonops	3-ecosysteme	start
2026-07-25T17:37:48.878Z	gorgonops	3-ecosysteme	done
2026-07-25T17:37:48.879Z	gorgonops	4-paris	start
2026-07-25T17:37:48.880Z	gorgonops	4-paris	done
2026-07-25T17:37:48.881Z	gorgonops	5-funfact	start
2026-07-25T17:37:48.883Z	gorgonops	5-funfact	done
2026-07-25T17:37:49.007Z	maiasaura	1-echelle	start
2026-07-25T17:37:49.011Z	maiasaura	1-echelle	done
2026-07-25T17:37:49.011Z	maiasaura	2-manger	start
2026-07-25T17:37:49.013Z	maiasaura	2-manger	done
2026-07-25T17:37:49.014Z	maiasaura	3-ecosysteme	start
2026-07-25T17:37:49.016Z	maiasaura	3-ecosysteme	done
2026-07-25T17:37:49.016Z	maiasaura	4-paris	start
2026-07-25T17:37:49.018Z	maiasaura	4-paris	done
2026-07-25T17:37:49.018Z	maiasaura	5-funfact	start
2026-07-25T17:37:49.020Z	maiasaura	5-funfact	done
2026-07-25T17:38:18.425Z	gorgonops	1-echelle	start
2026-07-25T17:38:18.429Z	gorgonops	1-echelle	done
2026-07-25T17:38:18.429Z	gorgonops	2-manger	start
2026-07-25T17:38:18.432Z	gorgonops	2-manger	done
2026-07-25T17:38:18.432Z	gorgonops	3-ecosysteme	start
2026-07-25T17:38:18.434Z	gorgonops	3-ecosysteme	done
2026-07-25T17:38:18.434Z	gorgonops	4-paris	start
2026-07-25T17:38:18.436Z	gorgonops	4-paris	done
2026-07-25T17:38:18.436Z	gorgonops	5-funfact	start
2026-07-25T17:38:18.438Z	gorgonops	5-funfact	done
2026-07-25T17:38:18.568Z	maiasaura	1-echelle	start
2026-07-25T17:38:18.572Z	maiasaura	1-echelle	done
2026-07-25T17:38:18.573Z	maiasaura	2-manger	start
2026-07-25T17:38:18.575Z	maiasaura	2-manger	done
2026-07-25T17:38:18.575Z	maiasaura	3-ecosysteme	start
2026-07-25T17:38:18.578Z	maiasaura	3-ecosysteme	done
2026-07-25T17:38:18.578Z	maiasaura	4-paris	start
2026-07-25T17:38:18.579Z	maiasaura	4-paris	done
2026-07-25T17:38:18.580Z	maiasaura	5-funfact	start
2026-07-25T17:38:18.582Z	maiasaura	5-funfact	done
2026-07-25T17:38:25.800Z	gorgonops	1-echelle	start
2026-07-25T17:38:56.130Z	gorgonops	1-echelle	done
2026-07-25T17:38:56.131Z	gorgonops	2-manger	start
2026-07-25T17:39:26.467Z	gorgonops	2-manger	done
2026-07-25T17:39:26.468Z	gorgonops	3-ecosysteme	start
2026-07-25T17:39:56.797Z	gorgonops	3-ecosysteme	done
2026-07-25T17:39:56.798Z	gorgonops	4-paris	start
2026-07-25T17:40:27.132Z	gorgonops	4-paris	done
2026-07-25T17:40:27.132Z	gorgonops	5-funfact	start
2026-07-25T17:40:57.472Z	gorgonops	5-funfact	done
2026-07-25T18:01:27.640Z	gorgonops	1-echelle	start
2026-07-25T18:02:36.774Z	gorgonops	1-echelle	done
2026-07-25T18:02:36.774Z	gorgonops	2-manger	start
2026-07-25T18:03:56.355Z	gorgonops	2-manger	done
2026-07-25T18:03:56.356Z	gorgonops	3-ecosysteme	start
2026-07-25T18:05:21.838Z	gorgonops	3-ecosysteme	done
2026-07-25T18:05:21.839Z	gorgonops	4-paris	start
2026-07-25T18:07:09.737Z	gorgonops	4-paris	done
2026-07-25T18:07:09.738Z	gorgonops	5-funfact	start
2026-07-25T18:08:23.824Z	gorgonops	5-funfact	done
2026-07-25T18:08:45.926Z	minmi	1-echelle	start
2026-07-25T18:09:49.273Z	minmi	1-echelle	done
2026-07-25T18:09:49.274Z	minmi	2-manger	start
2026-07-25T18:10:56.528Z	minmi	2-manger	done
2026-07-25T18:10:56.529Z	minmi	3-ecosysteme	start
2026-07-25T18:12:09.009Z	minmi	3-ecosysteme	done
2026-07-25T18:12:09.010Z	minmi	4-paris	start
2026-07-25T18:13:39.235Z	minmi	4-paris	done
2026-07-25T18:13:39.236Z	minmi	5-funfact	start
2026-07-25T18:14:55.166Z	minmi	5-funfact	done
2026-07-25T18:14:55.246Z	scutellosaurus	1-echelle	start
2026-07-25T18:16:04.463Z	scutellosaurus	1-echelle	done
2026-07-25T18:16:04.463Z	scutellosaurus	2-manger	start
2026-07-25T18:17:17.431Z	scutellosaurus	2-manger	done
2026-07-25T18:17:17.431Z	scutellosaurus	3-ecosysteme	start
2026-07-25T18:18:25.227Z	scutellosaurus	3-ecosysteme	done
2026-07-25T18:18:25.227Z	scutellosaurus	4-paris	start
2026-07-25T18:19:34.261Z	scutellosaurus	4-paris	done
2026-07-25T18:19:34.261Z	scutellosaurus	5-funfact	start
2026-07-25T18:20:46.902Z	scutellosaurus	5-funfact	done
2026-07-25T18:20:46.966Z	maiasaura	1-echelle	start
2026-07-25T18:22:00.209Z	maiasaura	1-echelle	done
2026-07-25T18:22:00.209Z	maiasaura	2-manger	start
2026-07-25T18:23:03.362Z	maiasaura	2-manger	done
2026-07-25T18:23:03.362Z	maiasaura	3-ecosysteme	start
2026-07-25T18:24:36.487Z	maiasaura	3-ecosysteme	done
2026-07-25T18:24:36.488Z	maiasaura	4-paris	start
2026-07-25T18:25:44.291Z	maiasaura	4-paris	done
2026-07-25T18:25:44.292Z	maiasaura	5-funfact	start
2026-07-25T18:27:01.356Z	maiasaura	5-funfact	done
2026-07-25T18:27:18.798Z	edaphosaurus	1-echelle	start
2026-07-25T18:28:44.291Z	edaphosaurus	1-echelle	done
2026-07-25T18:28:44.291Z	edaphosaurus	2-manger	start
2026-07-25T18:29:23.824Z	edaphosaurus	2-manger	done
2026-07-25T18:29:23.824Z	edaphosaurus	3-ecosysteme	start
2026-07-25T18:30:57.459Z	edaphosaurus	3-ecosysteme	done
2026-07-25T18:30:57.460Z	edaphosaurus	4-paris	start
2026-07-25T18:32:10.532Z	edaphosaurus	4-paris	done
2026-07-25T18:32:10.532Z	edaphosaurus	5-funfact	start
2026-07-25T18:33:43.100Z	edaphosaurus	5-funfact	done
2026-07-25T18:33:43.169Z	lystrosaurus	1-echelle	start
2026-07-25T18:34:58.997Z	lystrosaurus	1-echelle	done
2026-07-25T18:34:58.998Z	lystrosaurus	2-manger	start
2026-07-25T18:36:22.356Z	lystrosaurus	2-manger	done
2026-07-25T18:36:22.357Z	lystrosaurus	3-ecosysteme	start
2026-07-25T18:38:00.587Z	lystrosaurus	3-ecosysteme	done
2026-07-25T18:38:00.588Z	lystrosaurus	4-paris	start
2026-07-25T18:39:16.630Z	lystrosaurus	4-paris	done
2026-07-25T18:39:16.631Z	lystrosaurus	5-funfact	start
2026-07-25T18:40:50.288Z	lystrosaurus	5-funfact	done
2026-07-25T18:40:50.352Z	moschops	1-echelle	start
2026-07-25T18:42:04.135Z	moschops	1-echelle	done
2026-07-25T18:42:04.135Z	moschops	2-manger	start
2026-07-25T18:43:10.785Z	moschops	2-manger	done
2026-07-25T18:43:10.785Z	moschops	3-ecosysteme	start
2026-07-25T18:44:20.840Z	moschops	3-ecosysteme	done
2026-07-25T18:44:20.840Z	moschops	4-paris	start
2026-07-25T18:45:57.826Z	moschops	4-paris	done
2026-07-25T18:45:57.827Z	moschops	5-funfact	start
2026-07-25T18:47:15.928Z	moschops	5-funfact	done
2026-07-25T19:51:07.520Z	apatosaurus	1-echelle	start
2026-07-25T19:51:07.526Z	apatosaurus	1-echelle	done
2026-07-25T19:51:07.526Z	apatosaurus	2-manger	start
2026-07-25T19:51:07.528Z	apatosaurus	2-manger	done
2026-07-25T19:51:07.528Z	apatosaurus	3-ecosysteme	start
2026-07-25T19:51:07.530Z	apatosaurus	3-ecosysteme	done
2026-07-25T19:51:07.530Z	apatosaurus	4-paris	start
2026-07-25T19:53:00.263Z	apatosaurus	4-paris	done
2026-07-25T19:53:00.264Z	apatosaurus	5-funfact	start
2026-07-25T19:53:00.266Z	apatosaurus	5-funfact	done
2026-07-25T19:53:00.345Z	dilophosaurus	1-echelle	start
2026-07-25T19:53:00.347Z	dilophosaurus	1-echelle	done
2026-07-25T19:53:00.348Z	dilophosaurus	2-manger	start
2026-07-25T19:53:00.349Z	dilophosaurus	2-manger	done
2026-07-25T19:53:00.350Z	dilophosaurus	3-ecosysteme	start
2026-07-25T19:53:00.351Z	dilophosaurus	3-ecosysteme	done
2026-07-25T19:53:00.352Z	dilophosaurus	4-paris	start
2026-07-25T19:54:33.234Z	dilophosaurus	4-paris	done
2026-07-25T19:54:33.235Z	dilophosaurus	5-funfact	start
2026-07-25T19:54:33.301Z	dilophosaurus	5-funfact	done
2026-07-29T22:24:38.178Z	saurolophus	1-echelle	start
2026-07-29T22:24:38.182Z	saurolophus	1-echelle	done
2026-07-29T22:24:38.182Z	saurolophus	2-manger	start
2026-07-29T22:24:38.183Z	saurolophus	2-manger	done
2026-07-29T22:24:38.184Z	saurolophus	3-ecosysteme	start
2026-07-29T22:24:38.185Z	saurolophus	3-ecosysteme	done
2026-07-29T22:24:38.185Z	saurolophus	4-paris	start
2026-07-29T22:24:38.187Z	saurolophus	4-paris	done
2026-07-29T22:24:38.188Z	saurolophus	5-funfact	start
2026-07-29T22:24:38.189Z	saurolophus	5-funfact	done
2026-07-29T22:27:09.639Z	saurolophus	1-echelle	start
2026-07-29T22:27:09.644Z	saurolophus	1-echelle	done
2026-07-29T22:27:09.645Z	saurolophus	2-manger	start
2026-07-29T22:27:09.647Z	saurolophus	2-manger	done
2026-07-29T22:27:09.647Z	saurolophus	3-ecosysteme	start
2026-07-29T22:27:09.650Z	saurolophus	3-ecosysteme	done
2026-07-29T22:27:09.650Z	saurolophus	4-paris	start
2026-07-29T22:27:09.652Z	saurolophus	4-paris	done
2026-07-29T22:27:09.652Z	saurolophus	5-funfact	start
2026-07-29T22:27:09.655Z	saurolophus	5-funfact	done
2026-07-29T22:27:55.580Z	saurolophus	1-echelle	start
2026-07-29T22:29:23.967Z	saurolophus	1-echelle	done
2026-07-29T22:29:23.967Z	saurolophus	2-manger	start
2026-07-29T22:30:27.777Z	saurolophus	2-manger	done
2026-07-29T22:30:27.777Z	saurolophus	3-ecosysteme	start
2026-07-29T22:32:10.514Z	saurolophus	3-ecosysteme	done
2026-07-29T22:32:10.515Z	saurolophus	4-paris	start
2026-07-29T22:33:28.063Z	saurolophus	4-paris	done
2026-07-29T22:33:28.063Z	saurolophus	5-funfact	start
2026-07-29T22:35:04.124Z	saurolophus	5-funfact	done
2026-07-29T22:49:38.255Z	saurolophus	1-echelle	start
2026-07-29T22:49:38.259Z	saurolophus	1-echelle	done
2026-07-29T22:49:38.260Z	saurolophus	2-manger	start
2026-07-29T22:49:38.262Z	saurolophus	2-manger	done
2026-07-29T22:49:38.262Z	saurolophus	3-ecosysteme	start
2026-07-29T22:49:38.265Z	saurolophus	3-ecosysteme	done
2026-07-29T22:49:38.265Z	saurolophus	4-paris	start
2026-07-29T22:49:38.267Z	saurolophus	4-paris	done
2026-07-29T22:49:38.268Z	saurolophus	5-funfact	start
2026-07-29T22:49:38.270Z	saurolophus	5-funfact	done
2026-07-29T22:50:01.395Z	saurolophus	1-echelle	start
2026-07-29T22:51:14.568Z	saurolophus	1-echelle	done
2026-07-29T22:51:14.568Z	saurolophus	2-manger	start
2026-07-29T22:51:14.571Z	saurolophus	2-manger	done
2026-07-29T22:51:14.572Z	saurolophus	3-ecosysteme	start
2026-07-29T22:51:14.575Z	saurolophus	3-ecosysteme	done
2026-07-29T22:51:14.575Z	saurolophus	4-paris	start
2026-07-29T22:51:14.579Z	saurolophus	4-paris	done
2026-07-29T22:51:14.580Z	saurolophus	5-funfact	start
2026-07-29T22:51:14.583Z	saurolophus	5-funfact	done
2026-07-29T22:51:45.925Z	saurolophus	1-echelle	start
2026-07-29T22:53:29.969Z	saurolophus	1-echelle	done
2026-07-29T22:53:29.969Z	saurolophus	2-manger	start
2026-07-29T22:53:29.971Z	saurolophus	2-manger	done
2026-07-29T22:53:29.972Z	saurolophus	3-ecosysteme	start
2026-07-29T22:53:29.975Z	saurolophus	3-ecosysteme	done
2026-07-29T22:53:29.976Z	saurolophus	4-paris	start
2026-07-29T22:53:29.987Z	saurolophus	4-paris	done
2026-07-29T22:53:29.988Z	saurolophus	5-funfact	start
2026-07-29T22:53:29.990Z	saurolophus	5-funfact	done
2026-07-30T00:10:08.183Z	saurolophus	1-echelle	start
2026-07-30T00:10:08.186Z	saurolophus	1-echelle	done
2026-07-30T00:10:08.187Z	saurolophus	2-manger	start
2026-07-30T00:10:08.189Z	saurolophus	2-manger	done
2026-07-30T00:10:08.189Z	saurolophus	3-ecosysteme	start
2026-07-30T00:10:08.192Z	saurolophus	3-ecosysteme	done
2026-07-30T00:10:08.192Z	saurolophus	4-paris	start
2026-07-30T00:10:08.194Z	saurolophus	4-paris	done
2026-07-30T00:10:08.195Z	saurolophus	5-funfact	start
2026-07-30T00:10:08.197Z	saurolophus	5-funfact	done
2026-07-30T00:10:44.211Z	saurolophus	1-echelle	start
2026-07-30T00:10:44.216Z	saurolophus	1-echelle	done
2026-07-30T00:10:44.216Z	saurolophus	2-manger	start
2026-07-30T00:12:55.979Z	saurolophus	2-manger	done
2026-07-30T00:12:55.979Z	saurolophus	3-ecosysteme	start
2026-07-30T00:12:55.982Z	saurolophus	3-ecosysteme	done
2026-07-30T00:12:55.982Z	saurolophus	4-paris	start
2026-07-30T00:12:55.985Z	saurolophus	4-paris	done
2026-07-30T00:12:55.985Z	saurolophus	5-funfact	start
2026-07-30T00:12:55.987Z	saurolophus	5-funfact	done
2026-07-30T00:13:12.273Z	saurolophus	1-echelle	start
2026-07-30T00:13:12.278Z	saurolophus	1-echelle	done
2026-07-30T00:13:12.278Z	saurolophus	2-manger	start
2026-07-30T00:13:12.281Z	saurolophus	2-manger	done
2026-07-30T00:13:12.281Z	saurolophus	3-ecosysteme	start
2026-07-30T00:16:08.394Z	saurolophus	3-ecosysteme	done
2026-07-30T00:16:08.395Z	saurolophus	4-paris	start
2026-07-30T00:17:36.786Z	saurolophus	4-paris	done
2026-07-30T00:17:36.786Z	saurolophus	5-funfact	start
2026-07-30T00:18:59.591Z	saurolophus	5-funfact	done
2026-07-30T00:20:31.719Z	saurolophus	1-echelle	start
2026-07-30T00:20:31.723Z	saurolophus	1-echelle	done
2026-07-30T00:20:31.723Z	saurolophus	2-manger	start
2026-07-30T00:20:31.726Z	saurolophus	2-manger	done
2026-07-30T00:20:31.726Z	saurolophus	3-ecosysteme	start
2026-07-30T00:20:31.729Z	saurolophus	3-ecosysteme	done
2026-07-30T00:20:31.729Z	saurolophus	4-paris	start
2026-07-30T00:20:31.731Z	saurolophus	4-paris	done
2026-07-30T00:20:31.731Z	saurolophus	5-funfact	start
2026-07-30T00:20:31.734Z	saurolophus	5-funfact	done
2026-07-30T00:20:41.196Z	saurolophus	1-echelle	start
2026-07-30T00:20:41.200Z	saurolophus	1-echelle	done
2026-07-30T00:20:41.200Z	saurolophus	2-manger	start
2026-07-30T00:23:10.451Z	saurolophus	2-manger	done
2026-07-30T00:23:10.452Z	saurolophus	3-ecosysteme	start
2026-07-30T00:23:10.459Z	saurolophus	3-ecosysteme	done
2026-07-30T00:23:10.459Z	saurolophus	4-paris	start
2026-07-30T00:23:52.905Z	saurolophus	4-paris	done
2026-07-30T00:23:52.905Z	saurolophus	5-funfact	start
2026-07-30T00:23:52.910Z	saurolophus	5-funfact	done
2026-07-30T00:24:20.770Z	saurolophus	1-echelle	start
2026-07-30T00:24:20.775Z	saurolophus	1-echelle	done
2026-07-30T00:24:20.775Z	saurolophus	2-manger	start
2026-07-30T00:24:20.777Z	saurolophus	2-manger	done
2026-07-30T00:24:20.778Z	saurolophus	3-ecosysteme	start
2026-07-30T00:24:20.780Z	saurolophus	3-ecosysteme	done
2026-07-30T00:24:20.780Z	saurolophus	4-paris	start
2026-07-30T00:24:20.782Z	saurolophus	4-paris	done
2026-07-30T00:24:20.782Z	saurolophus	5-funfact	start
2026-07-30T00:24:20.785Z	saurolophus	5-funfact	done
2026-07-30T00:25:17.862Z	saurolophus	1-echelle	start
2026-07-30T00:25:17.866Z	saurolophus	1-echelle	done
2026-07-30T00:25:17.866Z	saurolophus	2-manger	start
2026-07-30T00:25:17.869Z	saurolophus	2-manger	done
2026-07-30T00:25:17.869Z	saurolophus	3-ecosysteme	start
2026-07-30T00:25:17.871Z	saurolophus	3-ecosysteme	done
2026-07-30T00:25:17.872Z	saurolophus	4-paris	start
2026-07-30T00:28:07.057Z	saurolophus	4-paris	done
2026-07-30T00:28:07.057Z	saurolophus	5-funfact	start
2026-07-30T00:28:07.062Z	saurolophus	5-funfact	done
2026-07-30T22:26:09.096Z	plateosaurus	1-echelle	start
2026-07-30T22:26:09.101Z	plateosaurus	1-echelle	done
2026-07-30T22:26:09.101Z	plateosaurus	2-manger	start
2026-07-30T22:26:09.102Z	plateosaurus	2-manger	done
2026-07-30T22:26:09.102Z	plateosaurus	3-ecosysteme	start
2026-07-30T22:26:09.104Z	plateosaurus	3-ecosysteme	done
2026-07-30T22:26:09.104Z	plateosaurus	4-paris	start
2026-07-30T22:28:48.038Z	plateosaurus	4-paris	done
2026-07-30T22:28:48.039Z	plateosaurus	5-funfact	start
2026-07-30T22:28:48.042Z	plateosaurus	5-funfact	done
2026-07-30T22:28:48.306Z	gallimimus	1-echelle	start
2026-07-30T22:28:48.309Z	gallimimus	1-echelle	done
2026-07-30T22:28:48.310Z	gallimimus	2-manger	start
2026-07-30T22:28:48.311Z	gallimimus	2-manger	done
2026-07-30T22:28:48.311Z	gallimimus	3-ecosysteme	start
2026-07-30T22:28:48.313Z	gallimimus	3-ecosysteme	done
2026-07-30T22:28:48.313Z	gallimimus	4-paris	start
2026-07-30T22:31:26.944Z	gallimimus	4-paris	done
2026-07-30T22:31:26.946Z	gallimimus	5-funfact	start
2026-07-30T22:31:26.948Z	gallimimus	5-funfact	done
2026-07-30T22:31:27.167Z	parasaurolophus	1-echelle	start
2026-07-30T22:31:27.170Z	parasaurolophus	1-echelle	done
2026-07-30T22:31:27.171Z	parasaurolophus	2-manger	start
2026-07-30T22:31:27.172Z	parasaurolophus	2-manger	done
2026-07-30T22:31:27.172Z	parasaurolophus	3-ecosysteme	start
2026-07-30T22:31:27.173Z	parasaurolophus	3-ecosysteme	done
2026-07-30T22:31:27.173Z	parasaurolophus	4-paris	start
2026-07-30T22:34:25.174Z	parasaurolophus	4-paris	done
2026-07-30T22:34:25.176Z	parasaurolophus	5-funfact	start
2026-07-30T22:34:25.178Z	parasaurolophus	5-funfact	done
2026-07-30T23:44:30.167Z	mosasaurus	1-echelle	start
2026-07-30T23:44:30.190Z	mosasaurus	1-echelle	done
2026-07-30T23:44:30.191Z	mosasaurus	2-manger	start
2026-07-30T23:44:50.345Z	dilophosaurus	1-echelle	start
2026-07-30T23:44:50.351Z	dilophosaurus	1-echelle	done
2026-07-30T23:44:50.351Z	dilophosaurus	2-manger	start
2026-07-30T23:46:41.166Z	mosasaurus	1-echelle	start
2026-07-30T23:46:41.171Z	mosasaurus	1-echelle	done
2026-07-30T23:46:41.171Z	mosasaurus	2-manger	start
2026-07-30T23:48:04.838Z	mosasaurus	2-manger	done
2026-07-30T23:48:04.839Z	mosasaurus	3-ecosysteme	start
2026-07-30T23:48:04.843Z	mosasaurus	3-ecosysteme	done
2026-07-30T23:48:04.843Z	mosasaurus	4-paris	start
2026-07-30T23:48:04.846Z	mosasaurus	4-paris	done
2026-07-30T23:48:04.848Z	mosasaurus	5-funfact	start
2026-07-30T23:48:04.851Z	mosasaurus	5-funfact	done
2026-07-30T23:51:49.203Z	mosasaurus	1-echelle	start
2026-07-30T23:51:49.212Z	mosasaurus	1-echelle	done
2026-07-30T23:51:49.213Z	mosasaurus	2-manger	start
2026-07-30T23:51:49.216Z	mosasaurus	2-manger	done
2026-07-30T23:51:49.217Z	mosasaurus	3-ecosysteme	start
2026-07-30T23:52:53.378Z	mosasaurus	3-ecosysteme	done
2026-07-30T23:52:53.379Z	mosasaurus	4-paris	start
2026-07-30T23:52:53.382Z	mosasaurus	4-paris	done
2026-07-30T23:52:53.383Z	mosasaurus	5-funfact	start
2026-07-30T23:52:53.385Z	mosasaurus	5-funfact	done
2026-07-30T23:52:53.620Z	dilophosaurus	1-echelle	start
2026-07-30T23:52:53.624Z	dilophosaurus	1-echelle	done
2026-07-30T23:52:53.625Z	dilophosaurus	2-manger	start
2026-07-30T23:53:48.919Z	dilophosaurus	2-manger	done
2026-07-30T23:53:48.920Z	dilophosaurus	3-ecosysteme	start
2026-07-30T23:53:48.922Z	dilophosaurus	3-ecosysteme	done
2026-07-30T23:53:48.923Z	dilophosaurus	4-paris	start
2026-07-30T23:53:48.925Z	dilophosaurus	4-paris	done
2026-07-30T23:53:48.926Z	dilophosaurus	5-funfact	start
2026-07-30T23:53:48.927Z	dilophosaurus	5-funfact	done
2026-07-30T23:59:22.940Z	dilophosaurus	1-echelle	start
2026-07-30T23:59:22.944Z	dilophosaurus	1-echelle	done
2026-07-30T23:59:22.944Z	dilophosaurus	2-manger	start
2026-07-31T00:00:16.918Z	dilophosaurus	2-manger	done
2026-07-31T00:00:16.919Z	dilophosaurus	3-ecosysteme	start
2026-07-31T00:00:16.921Z	dilophosaurus	3-ecosysteme	done
2026-07-31T00:00:16.922Z	dilophosaurus	4-paris	start
2026-07-31T00:00:16.924Z	dilophosaurus	4-paris	done
2026-07-31T00:00:16.925Z	dilophosaurus	5-funfact	start
2026-07-31T00:00:16.927Z	dilophosaurus	5-funfact	done
