2026-06-18T23:38:59.298Z	spinosaurus	1-echelle	start
2026-06-18T23:40:19.205Z	spinosaurus	1-echelle	done
2026-06-18T23:40:19.205Z	spinosaurus	2-manger	start
2026-06-18T23:41:14.143Z	spinosaurus	2-manger	done
2026-06-18T23:41:14.143Z	spinosaurus	3-ecosysteme	start
2026-06-18T23:42:13.507Z	spinosaurus	3-ecosysteme	done
2026-06-18T23:42:13.508Z	spinosaurus	4-paris	start
2026-06-18T23:43:44.519Z	spinosaurus	4-paris	done
2026-06-18T23:43:44.520Z	spinosaurus	5-funfact	start
2026-06-18T23:44:47.408Z	spinosaurus	5-funfact	done
2026-06-18T23:44:47.475Z	triceratops	1-echelle	start
2026-06-18T23:45:41.718Z	triceratops	1-echelle	done
2026-06-18T23:45:41.727Z	triceratops	2-manger	start
2026-06-18T23:46:36.660Z	triceratops	2-manger	done
2026-06-18T23:46:36.660Z	triceratops	3-ecosysteme	start
2026-06-18T23:47:39.032Z	triceratops	3-ecosysteme	done
2026-06-18T23:47:39.033Z	triceratops	4-paris	start
2026-06-18T23:48:39.083Z	triceratops	4-paris	done
2026-06-18T23:48:39.084Z	triceratops	5-funfact	start
2026-06-18T23:49:37.468Z	triceratops	5-funfact	done
2026-06-18T23:49:37.534Z	velociraptor	1-echelle	start
2026-06-18T23:50:34.878Z	velociraptor	1-echelle	done
2026-06-18T23:50:34.878Z	velociraptor	2-manger	start
2026-06-18T23:51:34.881Z	velociraptor	2-manger	done
2026-06-18T23:51:34.882Z	velociraptor	3-ecosysteme	start
2026-06-18T23:52:30.113Z	velociraptor	3-ecosysteme	done
2026-06-18T23:52:30.114Z	velociraptor	4-paris	start
2026-06-18T23:53:31.490Z	velociraptor	4-paris	done
2026-06-18T23:53:31.491Z	velociraptor	5-funfact	start
2026-06-18T23:54:32.839Z	velociraptor	5-funfact	done
2026-06-18T23:54:32.905Z	stegosaurus	1-echelle	start
2026-06-18T23:55:34.697Z	stegosaurus	1-echelle	done
2026-06-18T23:55:34.698Z	stegosaurus	2-manger	start
2026-06-18T23:56:32.423Z	stegosaurus	2-manger	done
2026-06-18T23:56:32.423Z	stegosaurus	3-ecosysteme	start
2026-06-18T23:57:29.033Z	stegosaurus	3-ecosysteme	done
2026-06-18T23:57:29.034Z	stegosaurus	4-paris	start
2026-06-19T00:01:12.045Z	stegosaurus	4-paris	done
2026-06-19T00:01:12.045Z	stegosaurus	5-funfact	start
2026-06-19T00:02:15.736Z	stegosaurus	5-funfact	done
2026-06-19T00:02:36.025Z	giganotosaurus	1-echelle	start
2026-06-19T00:03:33.717Z	giganotosaurus	1-echelle	done
2026-06-19T00:03:33.718Z	giganotosaurus	2-manger	start
2026-06-19T00:04:34.293Z	giganotosaurus	2-manger	done
2026-06-19T00:04:34.293Z	giganotosaurus	3-ecosysteme	start
2026-06-19T00:05:32.098Z	giganotosaurus	3-ecosysteme	done
2026-06-19T00:05:32.099Z	giganotosaurus	4-paris	start
2026-06-19T00:06:25.442Z	giganotosaurus	4-paris	done
2026-06-19T00:06:25.443Z	giganotosaurus	5-funfact	start
2026-06-19T00:07:20.642Z	giganotosaurus	5-funfact	done
2026-06-19T00:07:20.707Z	carcharodontosaurus	1-echelle	start
2026-06-19T00:07:52.032Z	carcharodontosaurus	1-echelle	done
2026-06-19T00:07:52.033Z	carcharodontosaurus	2-manger	start
2026-06-19T00:07:54.686Z	carcharodontosaurus	2-manger	done
2026-06-19T00:07:54.686Z	carcharodontosaurus	3-ecosysteme	start
2026-06-19T00:07:57.195Z	carcharodontosaurus	3-ecosysteme	done
2026-06-19T00:07:57.195Z	carcharodontosaurus	4-paris	start
2026-06-19T00:07:59.765Z	carcharodontosaurus	4-paris	done
2026-06-19T00:07:59.766Z	carcharodontosaurus	5-funfact	start
2026-06-19T00:08:02.490Z	carcharodontosaurus	5-funfact	done
2026-06-19T00:08:02.552Z	allosaurus	1-echelle	start
2026-06-19T00:08:54.892Z	allosaurus	1-echelle	done
2026-06-19T00:08:54.893Z	allosaurus	2-manger	start
2026-06-19T00:09:58.224Z	allosaurus	2-manger	done
2026-06-19T00:09:58.224Z	allosaurus	3-ecosysteme	start
2026-06-19T00:11:08.460Z	allosaurus	3-ecosysteme	done
2026-06-19T00:11:08.461Z	allosaurus	4-paris	start
2026-06-19T00:12:06.016Z	allosaurus	4-paris	done
2026-06-19T00:12:06.016Z	allosaurus	5-funfact	start
2026-06-19T00:13:17.684Z	allosaurus	5-funfact	done
2026-06-19T00:13:17.745Z	carnotaurus	1-echelle	start
2026-06-19T00:14:11.572Z	carnotaurus	1-echelle	done
2026-06-19T00:14:11.573Z	carnotaurus	2-manger	start
2026-06-19T00:15:02.889Z	carnotaurus	2-manger	done
2026-06-19T00:15:02.890Z	carnotaurus	3-ecosysteme	start
2026-06-19T00:16:00.177Z	carnotaurus	3-ecosysteme	done
2026-06-19T00:16:00.178Z	carnotaurus	4-paris	start
2026-06-19T00:17:03.203Z	carnotaurus	4-paris	done
2026-06-19T00:17:03.203Z	carnotaurus	5-funfact	start
2026-06-19T00:17:56.521Z	carnotaurus	5-funfact	done
2026-06-19T00:18:16.470Z	tarbosaurus	1-echelle	start
2026-06-19T00:19:10.642Z	tarbosaurus	1-echelle	done
2026-06-19T00:19:10.643Z	tarbosaurus	2-manger	start
2026-06-19T00:20:05.841Z	tarbosaurus	2-manger	done
2026-06-19T00:20:05.842Z	tarbosaurus	3-ecosysteme	start
2026-06-19T00:20:57.478Z	tarbosaurus	3-ecosysteme	done
2026-06-19T00:20:57.478Z	tarbosaurus	4-paris	start
2026-06-19T00:21:55.239Z	tarbosaurus	4-paris	done
2026-06-19T00:21:55.240Z	tarbosaurus	5-funfact	start
2026-06-19T00:22:58.552Z	tarbosaurus	5-funfact	done
2026-06-19T00:22:58.617Z	albertosaurus	1-echelle	start
2026-06-19T00:23:52.203Z	albertosaurus	1-echelle	done
2026-06-19T00:23:52.204Z	albertosaurus	2-manger	start
2026-06-19T00:24:51.142Z	albertosaurus	2-manger	done
2026-06-19T00:24:51.143Z	albertosaurus	3-ecosysteme	start
2026-06-19T00:25:46.889Z	albertosaurus	3-ecosysteme	done
2026-06-19T00:25:46.889Z	albertosaurus	4-paris	start
2026-06-19T00:26:41.519Z	albertosaurus	4-paris	done
2026-06-19T00:26:41.520Z	albertosaurus	5-funfact	start
2026-06-19T00:27:49.040Z	albertosaurus	5-funfact	done
2026-06-19T00:27:49.105Z	ceratosaurus	1-echelle	start
2026-06-19T00:28:41.456Z	ceratosaurus	1-echelle	done
2026-06-19T00:28:41.456Z	ceratosaurus	2-manger	start
2026-06-19T00:29:38.037Z	ceratosaurus	2-manger	done
2026-06-19T00:29:38.038Z	ceratosaurus	3-ecosysteme	start
2026-06-19T00:30:39.094Z	ceratosaurus	3-ecosysteme	done
2026-06-19T00:30:39.095Z	ceratosaurus	4-paris	start
2026-06-19T00:31:35.821Z	ceratosaurus	4-paris	done
2026-06-19T00:31:35.822Z	ceratosaurus	5-funfact	start
2026-06-19T00:32:28.945Z	ceratosaurus	5-funfact	done
2026-06-19T00:32:29.010Z	dilophosaurus	1-echelle	start
2026-06-19T00:33:02.385Z	dilophosaurus	1-echelle	done
2026-06-19T00:33:02.386Z	dilophosaurus	2-manger	start
2026-06-19T00:33:05.023Z	dilophosaurus	2-manger	done
2026-06-19T00:33:05.024Z	dilophosaurus	3-ecosysteme	start
2026-06-19T00:33:07.511Z	dilophosaurus	3-ecosysteme	done
2026-06-19T00:33:07.512Z	dilophosaurus	4-paris	start
2026-06-19T00:33:10.032Z	dilophosaurus	4-paris	done
2026-06-19T00:33:10.032Z	dilophosaurus	5-funfact	start
2026-06-19T00:33:12.674Z	dilophosaurus	5-funfact	done
2026-06-19T00:33:34.654Z	cryolophosaurus	1-echelle	start
2026-06-19T00:34:32.659Z	cryolophosaurus	1-echelle	done
2026-06-19T00:34:32.660Z	cryolophosaurus	2-manger	start
2026-06-19T00:35:28.899Z	cryolophosaurus	2-manger	done
2026-06-19T00:35:28.900Z	cryolophosaurus	3-ecosysteme	start
2026-06-19T00:36:29.043Z	cryolophosaurus	3-ecosysteme	done
2026-06-19T00:36:29.043Z	cryolophosaurus	4-paris	start
2026-06-19T00:37:29.956Z	cryolophosaurus	4-paris	done
2026-06-19T00:37:29.957Z	cryolophosaurus	5-funfact	start
2026-06-19T00:38:25.893Z	cryolophosaurus	5-funfact	done
2026-06-19T00:38:25.958Z	baryonyx	1-echelle	start
2026-06-19T00:39:20.919Z	baryonyx	1-echelle	done
2026-06-19T00:39:20.920Z	baryonyx	2-manger	start
2026-06-19T00:40:12.184Z	baryonyx	2-manger	done
2026-06-19T00:40:12.184Z	baryonyx	3-ecosysteme	start
2026-06-19T00:41:04.754Z	baryonyx	3-ecosysteme	done
2026-06-19T00:41:04.754Z	baryonyx	4-paris	start
2026-06-19T00:42:12.969Z	baryonyx	4-paris	done
2026-06-19T00:42:12.969Z	baryonyx	5-funfact	start
2026-06-19T00:43:27.119Z	baryonyx	5-funfact	done
2026-06-19T00:43:27.182Z	therizinosaurus	1-echelle	start
2026-06-19T00:44:20.753Z	therizinosaurus	1-echelle	done
2026-06-19T00:44:20.753Z	therizinosaurus	2-manger	start
2026-06-19T00:45:19.691Z	therizinosaurus	2-manger	done
2026-06-19T00:45:19.692Z	therizinosaurus	3-ecosysteme	start
2026-06-19T00:49:02.640Z	therizinosaurus	3-ecosysteme	done
2026-06-19T00:49:02.641Z	therizinosaurus	4-paris	start
2026-06-19T00:49:58.077Z	therizinosaurus	4-paris	done
2026-06-19T00:49:58.077Z	therizinosaurus	5-funfact	start
2026-06-19T00:50:54.158Z	therizinosaurus	5-funfact	done
2026-06-19T00:50:54.263Z	deinonychus	1-echelle	start
2026-06-19T00:52:11.653Z	deinonychus	1-echelle	done
2026-06-19T00:52:11.654Z	deinonychus	2-manger	start
2026-06-19T00:53:20.101Z	deinonychus	2-manger	done
2026-06-19T00:53:20.102Z	deinonychus	3-ecosysteme	start
2026-06-19T00:54:13.847Z	deinonychus	3-ecosysteme	done
2026-06-19T00:54:13.848Z	deinonychus	4-paris	start
2026-06-19T00:55:08.304Z	deinonychus	4-paris	done
2026-06-19T00:55:08.304Z	deinonychus	5-funfact	start
2026-06-19T00:56:00.783Z	deinonychus	5-funfact	done
2026-06-19T00:56:26.160Z	utahraptor	1-echelle	start
2026-06-19T00:57:21.794Z	utahraptor	1-echelle	done
2026-06-19T00:57:21.795Z	utahraptor	2-manger	start
2026-06-19T00:58:22.569Z	utahraptor	2-manger	done
2026-06-19T00:58:22.570Z	utahraptor	3-ecosysteme	start
2026-06-19T00:59:18.550Z	utahraptor	3-ecosysteme	done
2026-06-19T00:59:18.551Z	utahraptor	4-paris	start
2026-06-19T01:00:21.895Z	utahraptor	4-paris	done
2026-06-19T01:00:21.896Z	utahraptor	5-funfact	start
2026-06-19T01:01:20.705Z	utahraptor	5-funfact	done
2026-06-19T01:01:20.804Z	microraptor	1-echelle	start
2026-06-19T01:02:45.275Z	microraptor	1-echelle	done
2026-06-19T01:02:45.276Z	microraptor	2-manger	start
2026-06-19T01:03:39.651Z	microraptor	2-manger	done
2026-06-19T01:03:39.652Z	microraptor	3-ecosysteme	start
2026-06-19T01:04:42.652Z	microraptor	3-ecosysteme	done
2026-06-19T01:04:42.652Z	microraptor	4-paris	start
2026-06-19T01:05:34.556Z	microraptor	4-paris	done
2026-06-19T01:05:34.557Z	microraptor	5-funfact	start
2026-06-19T01:06:29.508Z	microraptor	5-funfact	done
2026-06-19T01:06:29.573Z	troodon	1-echelle	start
2026-06-19T01:07:23.595Z	troodon	1-echelle	done
2026-06-19T01:07:23.595Z	troodon	2-manger	start
2026-06-19T01:08:26.451Z	troodon	2-manger	done
2026-06-19T01:08:26.452Z	troodon	3-ecosysteme	start
2026-06-19T01:09:19.977Z	troodon	3-ecosysteme	done
2026-06-19T01:09:19.978Z	troodon	4-paris	start
2026-06-19T01:10:21.981Z	troodon	4-paris	done
2026-06-19T01:10:21.981Z	troodon	5-funfact	start
2026-06-19T01:11:27.734Z	troodon	5-funfact	done
2026-06-19T01:11:27.801Z	gallimimus	1-echelle	start
2026-06-19T01:12:21.741Z	gallimimus	1-echelle	done
2026-06-19T01:12:21.742Z	gallimimus	2-manger	start
2026-06-19T01:13:15.085Z	gallimimus	2-manger	done
2026-06-19T01:13:15.085Z	gallimimus	3-ecosysteme	start
2026-06-19T01:14:10.066Z	gallimimus	3-ecosysteme	done
2026-06-19T01:14:10.067Z	gallimimus	4-paris	start
2026-06-19T01:15:07.985Z	gallimimus	4-paris	done
2026-06-19T01:15:07.986Z	gallimimus	5-funfact	start
2026-06-19T01:15:59.010Z	gallimimus	5-funfact	done
2026-06-19T01:16:19.999Z	oviraptor	1-echelle	start
2026-06-19T01:17:13.347Z	oviraptor	1-echelle	done
2026-06-19T01:17:13.348Z	oviraptor	2-manger	start
2026-06-19T01:18:09.032Z	oviraptor	2-manger	done
2026-06-19T01:18:09.032Z	oviraptor	3-ecosysteme	start
2026-06-19T01:19:13.428Z	oviraptor	3-ecosysteme	done
2026-06-19T01:19:13.429Z	oviraptor	4-paris	start
2026-06-19T01:20:08.091Z	oviraptor	4-paris	done
2026-06-19T01:20:08.093Z	oviraptor	5-funfact	start
2026-06-19T01:21:08.232Z	oviraptor	5-funfact	done
2026-06-19T01:21:08.295Z	archaeopteryx	1-echelle	start
2026-06-19T01:22:24.986Z	archaeopteryx	1-echelle	done
2026-06-19T01:22:24.986Z	archaeopteryx	2-manger	start
2026-06-19T01:23:34.617Z	archaeopteryx	2-manger	done
2026-06-19T01:23:34.618Z	archaeopteryx	3-ecosysteme	start
2026-06-19T01:24:36.930Z	archaeopteryx	3-ecosysteme	done
2026-06-19T01:24:36.931Z	archaeopteryx	4-paris	start
2026-06-19T01:25:28.589Z	archaeopteryx	4-paris	done
2026-06-19T01:25:28.589Z	archaeopteryx	5-funfact	start
2026-06-19T01:29:11.964Z	archaeopteryx	5-funfact	done
2026-06-19T01:29:12.020Z	pteranodon	1-echelle	start
2026-06-19T01:33:01.512Z	pteranodon	1-echelle	done
2026-06-19T01:33:01.513Z	pteranodon	2-manger	start
2026-06-19T01:36:44.259Z	pteranodon	2-manger	done
2026-06-19T01:36:44.259Z	pteranodon	3-ecosysteme	start
2026-06-19T01:40:27.099Z	pteranodon	3-ecosysteme	done
2026-06-19T01:40:27.099Z	pteranodon	4-paris	start
2026-06-19T01:44:10.347Z	pteranodon	4-paris	done
2026-06-19T01:44:10.348Z	pteranodon	5-funfact	start
2026-06-19T01:47:53.309Z	pteranodon	5-funfact	done
2026-06-19T01:47:53.366Z	quetzalcoatlus	1-echelle	start
2026-06-19T08:06:38.202Z	diplodocus	1-echelle	start
2026-06-19T08:06:38.205Z	diplodocus	1-echelle	done
2026-06-19T08:06:38.205Z	diplodocus	2-manger	start
2026-06-19T08:06:38.205Z	diplodocus	2-manger	done
2026-06-19T08:06:38.205Z	diplodocus	3-ecosysteme	start
2026-06-19T08:06:38.206Z	diplodocus	3-ecosysteme	done
2026-06-19T08:06:38.206Z	diplodocus	4-paris	start
2026-06-19T08:06:38.206Z	diplodocus	4-paris	done
2026-06-19T08:06:38.206Z	diplodocus	5-funfact	start
2026-06-19T08:06:38.206Z	diplodocus	5-funfact	done
2026-06-19T08:07:38.946Z	diplodocus	1-echelle	start
2026-06-19T08:07:38.947Z	diplodocus	1-echelle	done
2026-06-19T08:07:38.947Z	diplodocus	2-manger	start
2026-06-19T08:07:38.948Z	diplodocus	2-manger	done
2026-06-19T08:07:38.948Z	diplodocus	3-ecosysteme	start
2026-06-19T08:07:38.948Z	diplodocus	3-ecosysteme	done
2026-06-19T08:07:38.948Z	diplodocus	4-paris	start
2026-06-19T08:07:38.948Z	diplodocus	4-paris	done
2026-06-19T08:07:38.949Z	diplodocus	5-funfact	start
2026-06-19T08:07:38.949Z	diplodocus	5-funfact	done
2026-06-19T08:07:52.764Z	diplodocus	1-echelle	start
2026-06-19T08:07:52.765Z	diplodocus	1-echelle	done
2026-06-19T08:07:52.765Z	diplodocus	2-manger	start
2026-06-19T08:07:52.765Z	diplodocus	2-manger	done
2026-06-19T08:07:52.765Z	diplodocus	3-ecosysteme	start
2026-06-19T08:07:52.766Z	diplodocus	3-ecosysteme	done
2026-06-19T08:07:52.766Z	diplodocus	4-paris	start
2026-06-19T08:07:52.766Z	diplodocus	4-paris	done
2026-06-19T08:07:52.766Z	diplodocus	5-funfact	start
2026-06-19T08:07:52.767Z	diplodocus	5-funfact	done
2026-06-19T08:18:16.015Z	diplodocus	1-echelle	start
2026-06-19T08:18:16.019Z	diplodocus	1-echelle	done
2026-06-19T08:18:16.020Z	diplodocus	2-manger	start
2026-06-19T08:18:16.020Z	diplodocus	2-manger	done
2026-06-19T08:18:16.021Z	diplodocus	3-ecosysteme	start
2026-06-19T08:18:16.021Z	diplodocus	3-ecosysteme	done
2026-06-19T08:18:16.021Z	diplodocus	4-paris	start
2026-06-19T08:18:16.022Z	diplodocus	4-paris	done
2026-06-19T08:18:16.022Z	diplodocus	5-funfact	start
2026-06-19T08:18:16.023Z	diplodocus	5-funfact	done
2026-06-19T08:19:14.393Z	diplodocus	1-echelle	start
2026-06-19T08:19:14.395Z	diplodocus	1-echelle	done
2026-06-19T08:19:14.396Z	diplodocus	2-manger	start
2026-06-19T08:19:14.396Z	diplodocus	2-manger	done
2026-06-19T08:19:14.397Z	diplodocus	3-ecosysteme	start
2026-06-19T08:19:14.397Z	diplodocus	3-ecosysteme	done
2026-06-19T08:19:14.397Z	diplodocus	4-paris	start
2026-06-19T08:19:14.398Z	diplodocus	4-paris	done
2026-06-19T08:19:14.399Z	diplodocus	5-funfact	start
2026-06-19T08:19:14.401Z	diplodocus	5-funfact	done
2026-06-19T08:19:52.270Z	diplodocus	1-echelle	start
2026-06-19T08:19:52.273Z	diplodocus	1-echelle	done
2026-06-19T08:19:52.274Z	diplodocus	2-manger	start
2026-06-19T08:19:52.274Z	diplodocus	2-manger	done
2026-06-19T08:19:52.275Z	diplodocus	3-ecosysteme	start
2026-06-19T08:19:52.275Z	diplodocus	3-ecosysteme	done
2026-06-19T08:19:52.276Z	diplodocus	4-paris	start
2026-06-19T08:19:52.277Z	diplodocus	4-paris	done
2026-06-19T08:19:52.277Z	diplodocus	5-funfact	start
2026-06-19T08:19:52.278Z	diplodocus	5-funfact	done
2026-06-19T08:20:16.381Z	diplodocus	1-echelle	start
2026-06-19T08:20:16.384Z	diplodocus	1-echelle	done
2026-06-19T08:20:16.384Z	diplodocus	2-manger	start
2026-06-19T08:20:16.385Z	diplodocus	2-manger	done
2026-06-19T08:20:16.385Z	diplodocus	3-ecosysteme	start
2026-06-19T08:20:16.386Z	diplodocus	3-ecosysteme	done
2026-06-19T08:20:16.386Z	diplodocus	4-paris	start
2026-06-19T08:20:16.387Z	diplodocus	4-paris	done
2026-06-19T08:20:16.387Z	diplodocus	5-funfact	start
2026-06-19T08:20:16.388Z	diplodocus	5-funfact	done
2026-06-19T08:20:30.931Z	diplodocus	1-echelle	start
2026-06-19T08:20:30.934Z	diplodocus	1-echelle	done
2026-06-19T08:20:30.934Z	diplodocus	2-manger	start
2026-06-19T08:20:30.935Z	diplodocus	2-manger	done
2026-06-19T08:20:30.935Z	diplodocus	3-ecosysteme	start
2026-06-19T08:20:30.936Z	diplodocus	3-ecosysteme	done
2026-06-19T08:20:30.936Z	diplodocus	4-paris	start
2026-06-19T08:20:30.937Z	diplodocus	4-paris	done
2026-06-19T08:20:30.937Z	diplodocus	5-funfact	start
2026-06-19T08:20:30.938Z	diplodocus	5-funfact	done
2026-06-19T09:45:15.116Z	diplodocus	1-echelle	start
2026-06-19T09:45:15.119Z	diplodocus	1-echelle	done
2026-06-19T09:45:15.120Z	diplodocus	2-manger	start
2026-06-19T09:45:15.121Z	diplodocus	2-manger	done
2026-06-19T09:45:15.121Z	diplodocus	3-ecosysteme	start
2026-06-19T09:45:15.122Z	diplodocus	3-ecosysteme	done
2026-06-19T09:45:15.122Z	diplodocus	4-paris	start
2026-06-19T09:45:15.123Z	diplodocus	4-paris	done
2026-06-19T09:45:15.123Z	diplodocus	5-funfact	start
2026-06-19T09:45:15.124Z	diplodocus	5-funfact	done
2026-06-19T09:45:29.391Z	diplodocus	1-echelle	start
2026-06-19T09:45:29.394Z	diplodocus	1-echelle	done
2026-06-19T09:45:29.394Z	diplodocus	2-manger	start
2026-06-19T09:45:29.395Z	diplodocus	2-manger	done
2026-06-19T09:45:29.395Z	diplodocus	3-ecosysteme	start
2026-06-19T09:45:29.396Z	diplodocus	3-ecosysteme	done
2026-06-19T09:45:29.396Z	diplodocus	4-paris	start
2026-06-19T09:45:29.397Z	diplodocus	4-paris	done
2026-06-19T09:45:29.397Z	diplodocus	5-funfact	start
2026-06-19T09:45:29.398Z	diplodocus	5-funfact	done
2026-06-19T10:34:10.133Z	diplodocus	1-echelle	start
2026-06-19T10:34:10.136Z	diplodocus	1-echelle	done
2026-06-19T10:34:10.137Z	diplodocus	2-manger	start
2026-06-19T10:34:10.137Z	diplodocus	2-manger	done
2026-06-19T10:34:10.138Z	diplodocus	3-ecosysteme	start
2026-06-19T10:34:10.139Z	diplodocus	3-ecosysteme	done
2026-06-19T10:34:10.139Z	diplodocus	4-paris	start
2026-06-19T10:34:10.140Z	diplodocus	4-paris	done
2026-06-19T10:34:10.141Z	diplodocus	5-funfact	start
2026-06-19T10:34:10.141Z	diplodocus	5-funfact	done
2026-06-19T10:40:39.839Z	diplodocus	1-echelle	start
2026-06-19T10:40:39.842Z	diplodocus	1-echelle	done
2026-06-19T10:40:39.843Z	diplodocus	2-manger	start
2026-06-19T10:40:39.844Z	diplodocus	2-manger	done
2026-06-19T10:40:39.845Z	diplodocus	3-ecosysteme	start
2026-06-19T10:40:39.845Z	diplodocus	3-ecosysteme	done
2026-06-19T10:40:39.846Z	diplodocus	4-paris	start
2026-06-19T10:40:39.847Z	diplodocus	4-paris	done
2026-06-19T10:40:39.847Z	diplodocus	5-funfact	start
2026-06-19T10:40:39.848Z	diplodocus	5-funfact	done
2026-06-19T10:42:06.879Z	diplodocus	1-echelle	start
2026-06-19T10:42:06.882Z	diplodocus	1-echelle	done
2026-06-19T10:42:06.883Z	diplodocus	2-manger	start
2026-06-19T10:42:06.883Z	diplodocus	2-manger	done
2026-06-19T10:42:06.884Z	diplodocus	3-ecosysteme	start
2026-06-19T10:42:06.884Z	diplodocus	3-ecosysteme	done
2026-06-19T10:42:06.885Z	diplodocus	4-paris	start
2026-06-19T10:42:06.886Z	diplodocus	4-paris	done
2026-06-19T10:42:06.886Z	diplodocus	5-funfact	start
2026-06-19T10:42:06.887Z	diplodocus	5-funfact	done
2026-06-19T10:43:24.316Z	diplodocus	1-echelle	start
2026-06-19T10:43:24.319Z	diplodocus	1-echelle	done
2026-06-19T10:43:24.320Z	diplodocus	2-manger	start
2026-06-19T10:43:24.320Z	diplodocus	2-manger	done
2026-06-19T10:43:24.321Z	diplodocus	3-ecosysteme	start
2026-06-19T10:43:24.321Z	diplodocus	3-ecosysteme	done
2026-06-19T10:43:24.322Z	diplodocus	4-paris	start
2026-06-19T10:43:24.323Z	diplodocus	4-paris	done
2026-06-19T10:43:24.323Z	diplodocus	5-funfact	start
2026-06-19T10:43:24.324Z	diplodocus	5-funfact	done
2026-06-19T10:45:09.907Z	diplodocus	1-echelle	start
2026-06-19T10:45:09.913Z	diplodocus	1-echelle	done
2026-06-19T10:45:09.913Z	diplodocus	2-manger	start
2026-06-19T10:45:09.914Z	diplodocus	2-manger	done
2026-06-19T10:45:09.915Z	diplodocus	3-ecosysteme	start
2026-06-19T10:45:09.915Z	diplodocus	3-ecosysteme	done
2026-06-19T10:45:09.916Z	diplodocus	4-paris	start
2026-06-19T10:45:09.917Z	diplodocus	4-paris	done
2026-06-19T10:45:09.917Z	diplodocus	5-funfact	start
2026-06-19T10:45:09.918Z	diplodocus	5-funfact	done
2026-06-19T10:48:08.916Z	diplodocus	1-echelle	start
2026-06-19T10:48:08.919Z	diplodocus	1-echelle	done
2026-06-19T10:48:08.919Z	diplodocus	2-manger	start
2026-06-19T10:48:08.920Z	diplodocus	2-manger	done
2026-06-19T10:48:08.920Z	diplodocus	3-ecosysteme	start
2026-06-19T10:48:08.922Z	diplodocus	3-ecosysteme	done
2026-06-19T10:48:08.923Z	diplodocus	4-paris	start
2026-06-19T10:48:08.924Z	diplodocus	4-paris	done
2026-06-19T10:48:08.925Z	diplodocus	5-funfact	start
2026-06-19T10:48:08.926Z	diplodocus	5-funfact	done
2026-06-19T11:30:47.711Z	diplodocus	1-echelle	start
2026-06-19T11:30:47.714Z	diplodocus	1-echelle	done
2026-06-19T11:30:47.714Z	diplodocus	2-manger	start
2026-06-19T11:30:47.715Z	diplodocus	2-manger	done
2026-06-19T11:30:47.715Z	diplodocus	3-ecosysteme	start
2026-06-19T11:30:47.716Z	diplodocus	3-ecosysteme	done
2026-06-19T11:30:47.716Z	diplodocus	4-paris	start
2026-06-19T11:30:47.718Z	diplodocus	4-paris	done
2026-06-19T11:30:47.718Z	diplodocus	5-funfact	start
2026-06-19T11:30:47.719Z	diplodocus	5-funfact	done
2026-06-19T11:56:40.944Z	velociraptor	1-echelle	start
2026-06-19T11:56:40.949Z	velociraptor	1-echelle	done
2026-06-19T11:56:40.949Z	velociraptor	2-manger	start
2026-06-19T11:56:40.951Z	velociraptor	2-manger	done
2026-06-19T11:56:40.952Z	velociraptor	3-ecosysteme	start
2026-06-19T11:56:40.954Z	velociraptor	3-ecosysteme	done
2026-06-19T11:56:40.954Z	velociraptor	4-paris	start
2026-06-19T11:56:40.955Z	velociraptor	4-paris	done
2026-06-19T11:56:40.956Z	velociraptor	5-funfact	start
2026-06-19T11:56:40.957Z	velociraptor	5-funfact	done
2026-06-19T11:56:41.111Z	velociraptor	1-echelle	start
2026-06-19T11:56:41.114Z	velociraptor	1-echelle	done
2026-06-19T11:56:41.114Z	velociraptor	2-manger	start
2026-06-19T11:56:41.115Z	velociraptor	2-manger	done
2026-06-19T11:56:41.116Z	velociraptor	3-ecosysteme	start
2026-06-19T11:56:41.117Z	velociraptor	3-ecosysteme	done
2026-06-19T11:56:41.117Z	velociraptor	4-paris	start
2026-06-19T11:56:41.118Z	velociraptor	4-paris	done
2026-06-19T11:56:41.119Z	velociraptor	5-funfact	start
2026-06-19T11:56:41.120Z	velociraptor	5-funfact	done
